domain,company_commercial_name,company_legal_name,company_all_available_names
id44.com,ID44,,ID44 | Munden Medical DBA id44
deliverance-ministry-new-york.com,Deliverance Ministry New York,,Deliverance Ministry New York | Deliverance Ministry
myfocuspsych.com,My Focus Psychology,GoodWays Consulting Group LLC.,My Focus Psychology | GoodWays Consulting Group LLC.
xpressbenefits.net,Xpress Benefits,,Xpress Benefits
crestonhousefl.com,Creston House,,Creston House | Creston House Rental Office
dreamlab.design,DreamLab,DreamLab LLC.,DreamLab | DreamLab LLC. | DreamLab Creative Ideas
karrgroupco.com,Karrgroupco,Platinum Energy USA LLC.,Karrgroupco | Karr Group | Platinum Energy USA LLC.
paigeleblanc.com,PAIGE LEBLANC,,PAIGE LEBLANC
quick9.io,Quick 9,,Quick 9
